,Comunidades Autónomas y Provincias,Viajeros y pernoctaciones,Residencia,Periodo,Value
0,Total Nacional,Viajero,Total ,2021M05,3358838.0
1,Total Nacional,Viajero,Residentes en España,2021M05,2553635.0
2,Total Nacional,Viajero,Residentes en el Extranjero,2021M05,805203.0
3,Total Nacional,Pernoctaciones,Total ,2021M05,7226242.0
4,Total Nacional,Pernoctaciones,Residentes en España,2021M05,4639412.0
5,Total Nacional,Pernoctaciones,Residentes en el Extranjero,2021M05,2586830.0
6,Andalucía,Viajero,Total ,2021M05,662698.0
7,Andalucía,Viajero,Residentes en España,2021M05,534706.0
8,Andalucía,Viajero,Residentes en el Extranjero,2021M05,127992.0
9,Andalucía,Pernoctaciones,Total ,2021M05,1281044.0
10,Andalucía,Pernoctaciones,Residentes en España,2021M05,955669.0
11,Andalucía,Pernoctaciones,Residentes en el Extranjero,2021M05,325375.0
12,Almería,Viajero,Total ,2021M05,42682.0
13,Almería,Viajero,Residentes en España,2021M05,36854.0
14,Almería,Viajero,Residentes en el Extranjero,2021M05,5828.0
15,Almería,Pernoctaciones,Total ,2021M05,78069.0
16,Almería,Pernoctaciones,Residentes en España,2021M05,65337.0
17,Almería,Pernoctaciones,Residentes en el Extranjero,2021M05,12731.0
18,Cádiz,Viajero,Total ,2021M05,142391.0
19,Cádiz,Viajero,Residentes en España,2021M05,122431.0
20,Cádiz,Viajero,Residentes en el Extranjero,2021M05,19960.0
21,Cádiz,Pernoctaciones,Total ,2021M05,288240.0
22,Cádiz,Pernoctaciones,Residentes en España,2021M05,233659.0
23,Cádiz,Pernoctaciones,Residentes en el Extranjero,2021M05,54581.0
24,Córdoba,Viajero,Total ,2021M05,50103.0
25,Córdoba,Viajero,Residentes en España,2021M05,42352.0
26,Córdoba,Viajero,Residentes en el Extranjero,2021M05,7751.0
27,Córdoba,Pernoctaciones,Total ,2021M05,83529.0
28,Córdoba,Pernoctaciones,Residentes en España,2021M05,70036.0
29,Córdoba,Pernoctaciones,Residentes en el Extranjero,2021M05,13493.0
30,Granada,Viajero,Total ,2021M05,70439.0
31,Granada,Viajero,Residentes en España,2021M05,58786.0
32,Granada,Viajero,Residentes en el Extranjero,2021M05,11653.0
33,Granada,Pernoctaciones,Total ,2021M05,121037.0
34,Granada,Pernoctaciones,Residentes en España,2021M05,96590.0
35,Granada,Pernoctaciones,Residentes en el Extranjero,2021M05,24446.0
36,Huelva,Viajero,Total ,2021M05,34020.0
37,Huelva,Viajero,Residentes en España,2021M05,31165.0
38,Huelva,Viajero,Residentes en el Extranjero,2021M05,2855.0
39,Huelva,Pernoctaciones,Total ,2021M05,72409.0
40,Huelva,Pernoctaciones,Residentes en España,2021M05,65990.0
41,Huelva,Pernoctaciones,Residentes en el Extranjero,2021M05,6419.0
42,Jaén,Viajero,Total ,2021M05,27345.0
43,Jaén,Viajero,Residentes en España,2021M05,25120.0
44,Jaén,Viajero,Residentes en el Extranjero,2021M05,2224.0
45,Jaén,Pernoctaciones,Total ,2021M05,47234.0
46,Jaén,Pernoctaciones,Residentes en España,2021M05,43541.0
47,Jaén,Pernoctaciones,Residentes en el Extranjero,2021M05,3693.0
48,Málaga,Viajero,Total ,2021M05,178043.0
49,Málaga,Viajero,Residentes en España,2021M05,123544.0
50,Málaga,Viajero,Residentes en el Extranjero,2021M05,54499.0
51,Málaga,Pernoctaciones,Total ,2021M05,391295.0
52,Málaga,Pernoctaciones,Residentes en España,2021M05,230501.0
53,Málaga,Pernoctaciones,Residentes en el Extranjero,2021M05,160794.0
54,Sevilla,Viajero,Total ,2021M05,117675.0
55,Sevilla,Viajero,Residentes en España,2021M05,94455.0
56,Sevilla,Viajero,Residentes en el Extranjero,2021M05,23221.0
57,Sevilla,Pernoctaciones,Total ,2021M05,199231.0
58,Sevilla,Pernoctaciones,Residentes en España,2021M05,150015.0
59,Sevilla,Pernoctaciones,Residentes en el Extranjero,2021M05,49216.0
60,Aragón,Viajero,Total ,2021M05,102870.0
61,Aragón,Viajero,Residentes en España,2021M05,90385.0
62,Aragón,Viajero,Residentes en el Extranjero,2021M05,12485.0
63,Aragón,Pernoctaciones,Total ,2021M05,188590.0
64,Aragón,Pernoctaciones,Residentes en España,2021M05,159513.0
65,Aragón,Pernoctaciones,Residentes en el Extranjero,2021M05,29077.0
66,Huesca,Viajero,Total ,2021M05,24426.0
67,Huesca,Viajero,Residentes en España,2021M05,21596.0
68,Huesca,Viajero,Residentes en el Extranjero,2021M05,2831.0
69,Huesca,Pernoctaciones,Total ,2021M05,48050.0
70,Huesca,Pernoctaciones,Residentes en España,2021M05,41160.0
71,Huesca,Pernoctaciones,Residentes en el Extranjero,2021M05,6890.0
72,Teruel,Viajero,Total ,2021M05,17752.0
73,Teruel,Viajero,Residentes en España,2021M05,15812.0
74,Teruel,Viajero,Residentes en el Extranjero,2021M05,1940.0
75,Teruel,Pernoctaciones,Total ,2021M05,31706.0
76,Teruel,Pernoctaciones,Residentes en España,2021M05,26278.0
77,Teruel,Pernoctaciones,Residentes en el Extranjero,2021M05,5428.0
78,Zaragoza,Viajero,Total ,2021M05,60692.0
79,Zaragoza,Viajero,Residentes en España,2021M05,52977.0
80,Zaragoza,Viajero,Residentes en el Extranjero,2021M05,7715.0
81,Zaragoza,Pernoctaciones,Total ,2021M05,108834.0
82,Zaragoza,Pernoctaciones,Residentes en España,2021M05,92075.0
83,Zaragoza,Pernoctaciones,Residentes en el Extranjero,2021M05,16758.0
84,"Asturias, Principado de",Viajero,Total ,2021M05,57603.0
85,"Asturias, Principado de",Viajero,Residentes en España,2021M05,53849.0
86,"Asturias, Principado de",Viajero,Residentes en el Extranjero,2021M05,3754.0
87,"Asturias, Principado de",Pernoctaciones,Total ,2021M05,106837.0
88,"Asturias, Principado de",Pernoctaciones,Residentes en España,2021M05,97090.0
89,"Asturias, Principado de",Pernoctaciones,Residentes en el Extranjero,2021M05,9747.0
90,Asturias,Viajero,Total ,2021M05,57603.0
91,Asturias,Viajero,Residentes en España,2021M05,53849.0
92,Asturias,Viajero,Residentes en el Extranjero,2021M05,3754.0
93,Asturias,Pernoctaciones,Total ,2021M05,106837.0
94,Asturias,Pernoctaciones,Residentes en España,2021M05,97090.0
95,Asturias,Pernoctaciones,Residentes en el Extranjero,2021M05,9747.0
96,"Balears, Illes",Viajero,Total ,2021M05,224048.0
97,"Balears, Illes",Viajero,Residentes en España,2021M05,62513.0
98,"Balears, Illes",Viajero,Residentes en el Extranjero,2021M05,161534.0
99,"Balears, Illes",Pernoctaciones,Total ,2021M05,924516.0
100,"Balears, Illes",Pernoctaciones,Residentes en España,2021M05,162496.0
101,"Balears, Illes",Pernoctaciones,Residentes en el Extranjero,2021M05,762020.0
102,"Balears, Illes",Viajero,Total ,2021M05,224048.0
103,"Balears, Illes",Viajero,Residentes en España,2021M05,62513.0
104,"Balears, Illes",Viajero,Residentes en el Extranjero,2021M05,161534.0
105,"Balears, Illes",Pernoctaciones,Total ,2021M05,924516.0
106,"Balears, Illes",Pernoctaciones,Residentes en España,2021M05,162496.0
107,"Balears, Illes",Pernoctaciones,Residentes en el Extranjero,2021M05,762020.0
108,Canarias,Viajero,Total ,2021M05,207051.0
109,Canarias,Viajero,Residentes en España,2021M05,123536.0
110,Canarias,Viajero,Residentes en el Extranjero,2021M05,83515.0
111,Canarias,Pernoctaciones,Total ,2021M05,819549.0
112,Canarias,Pernoctaciones,Residentes en España,2021M05,319458.0
113,Canarias,Pernoctaciones,Residentes en el Extranjero,2021M05,500091.0
114,"Palmas, Las",Viajero,Total ,2021M05,115345.0
115,"Palmas, Las",Viajero,Residentes en España,2021M05,68515.0
116,"Palmas, Las",Viajero,Residentes en el Extranjero,2021M05,46830.0
117,"Palmas, Las",Pernoctaciones,Total ,2021M05,490865.0
118,"Palmas, Las",Pernoctaciones,Residentes en España,2021M05,191867.0
119,"Palmas, Las",Pernoctaciones,Residentes en el Extranjero,2021M05,298998.0
120,Santa Cruz de Tenerife,Viajero,Total ,2021M05,91706.0
121,Santa Cruz de Tenerife,Viajero,Residentes en España,2021M05,55020.0
122,Santa Cruz de Tenerife,Viajero,Residentes en el Extranjero,2021M05,36685.0
123,Santa Cruz de Tenerife,Pernoctaciones,Total ,2021M05,328684.0
124,Santa Cruz de Tenerife,Pernoctaciones,Residentes en España,2021M05,127591.0
125,Santa Cruz de Tenerife,Pernoctaciones,Residentes en el Extranjero,2021M05,201093.0
126,Cantabria,Viajero,Total ,2021M05,40435.0
127,Cantabria,Viajero,Residentes en España,2021M05,36941.0
128,Cantabria,Viajero,Residentes en el Extranjero,2021M05,3494.0
129,Cantabria,Pernoctaciones,Total ,2021M05,71103.0
130,Cantabria,Pernoctaciones,Residentes en España,2021M05,64260.0
131,Cantabria,Pernoctaciones,Residentes en el Extranjero,2021M05,6843.0
132,Cantabria,Viajero,Total ,2021M05,40435.0
133,Cantabria,Viajero,Residentes en España,2021M05,36941.0
134,Cantabria,Viajero,Residentes en el Extranjero,2021M05,3494.0
135,Cantabria,Pernoctaciones,Total ,2021M05,71103.0
136,Cantabria,Pernoctaciones,Residentes en España,2021M05,64260.0
137,Cantabria,Pernoctaciones,Residentes en el Extranjero,2021M05,6843.0
138,Castilla y León,Viajero,Total ,2021M05,174641.0
139,Castilla y León,Viajero,Residentes en España,2021M05,156404.0
140,Castilla y León,Viajero,Residentes en el Extranjero,2021M05,18237.0
141,Castilla y León,Pernoctaciones,Total ,2021M05,302707.0
142,Castilla y León,Pernoctaciones,Residentes en España,2021M05,269485.0
143,Castilla y León,Pernoctaciones,Residentes en el Extranjero,2021M05,33223.0
144,Ávila,Viajero,Total ,2021M05,13201.0
145,Ávila,Viajero,Residentes en España,2021M05,12472.0
146,Ávila,Viajero,Residentes en el Extranjero,2021M05,729.0
147,Ávila,Pernoctaciones,Total ,2021M05,21253.0
148,Ávila,Pernoctaciones,Residentes en España,2021M05,19627.0
149,Ávila,Pernoctaciones,Residentes en el Extranjero,2021M05,1626.0
150,Burgos,Viajero,Total ,2021M05,26169.0
151,Burgos,Viajero,Residentes en España,2021M05,21666.0
152,Burgos,Viajero,Residentes en el Extranjero,2021M05,4503.0
153,Burgos,Pernoctaciones,Total ,2021M05,42242.0
154,Burgos,Pernoctaciones,Residentes en España,2021M05,35544.0
155,Burgos,Pernoctaciones,Residentes en el Extranjero,2021M05,6698.0
156,León,Viajero,Total ,2021M05,27279.0
157,León,Viajero,Residentes en España,2021M05,25167.0
158,León,Viajero,Residentes en el Extranjero,2021M05,2111.0
159,León,Pernoctaciones,Total ,2021M05,51993.0
160,León,Pernoctaciones,Residentes en España,2021M05,48691.0
161,León,Pernoctaciones,Residentes en el Extranjero,2021M05,3303.0
162,Palencia,Viajero,Total ,2021M05,8152.0
163,Palencia,Viajero,Residentes en España,2021M05,6726.0
164,Palencia,Viajero,Residentes en el Extranjero,2021M05,1426.0
165,Palencia,Pernoctaciones,Total ,2021M05,14966.0
166,Palencia,Pernoctaciones,Residentes en España,2021M05,12869.0
167,Palencia,Pernoctaciones,Residentes en el Extranjero,2021M05,2097.0
168,Salamanca,Viajero,Total ,2021M05,32785.0
169,Salamanca,Viajero,Residentes en España,2021M05,28583.0
170,Salamanca,Viajero,Residentes en el Extranjero,2021M05,4203.0
171,Salamanca,Pernoctaciones,Total ,2021M05,55984.0
172,Salamanca,Pernoctaciones,Residentes en España,2021M05,49107.0
173,Salamanca,Pernoctaciones,Residentes en el Extranjero,2021M05,6878.0
174,Segovia,Viajero,Total ,2021M05,14761.0
175,Segovia,Viajero,Residentes en España,2021M05,13386.0
176,Segovia,Viajero,Residentes en el Extranjero,2021M05,1375.0
177,Segovia,Pernoctaciones,Total ,2021M05,28974.0
178,Segovia,Pernoctaciones,Residentes en España,2021M05,22962.0
179,Segovia,Pernoctaciones,Residentes en el Extranjero,2021M05,6012.0
180,Soria,Viajero,Total ,2021M05,10044.0
181,Soria,Viajero,Residentes en España,2021M05,9524.0
182,Soria,Viajero,Residentes en el Extranjero,2021M05,520.0
183,Soria,Pernoctaciones,Total ,2021M05,19658.0
184,Soria,Pernoctaciones,Residentes en España,2021M05,18715.0
185,Soria,Pernoctaciones,Residentes en el Extranjero,2021M05,944.0
186,Valladolid,Viajero,Total ,2021M05,33579.0
187,Valladolid,Viajero,Residentes en España,2021M05,30892.0
188,Valladolid,Viajero,Residentes en el Extranjero,2021M05,2686.0
189,Valladolid,Pernoctaciones,Total ,2021M05,53558.0
190,Valladolid,Pernoctaciones,Residentes en España,2021M05,48954.0
191,Valladolid,Pernoctaciones,Residentes en el Extranjero,2021M05,4604.0
192,Zamora,Viajero,Total ,2021M05,8672.0
193,Zamora,Viajero,Residentes en España,2021M05,7989.0
194,Zamora,Viajero,Residentes en el Extranjero,2021M05,683.0
195,Zamora,Pernoctaciones,Total ,2021M05,14078.0
196,Zamora,Pernoctaciones,Residentes en España,2021M05,13017.0
197,Zamora,Pernoctaciones,Residentes en el Extranjero,2021M05,1061.0
198,Castilla - La Mancha,Viajero,Total ,2021M05,108885.0
199,Castilla - La Mancha,Viajero,Residentes en España,2021M05,100575.0
200,Castilla - La Mancha,Viajero,Residentes en el Extranjero,2021M05,8309.0
201,Castilla - La Mancha,Pernoctaciones,Total ,2021M05,180894.0
202,Castilla - La Mancha,Pernoctaciones,Residentes en España,2021M05,163491.0
203,Castilla - La Mancha,Pernoctaciones,Residentes en el Extranjero,2021M05,17403.0
204,Albacete,Viajero,Total ,2021M05,22738.0
205,Albacete,Viajero,Residentes en España,2021M05,21037.0
206,Albacete,Viajero,Residentes en el Extranjero,2021M05,1701.0
207,Albacete,Pernoctaciones,Total ,2021M05,35482.0
208,Albacete,Pernoctaciones,Residentes en España,2021M05,32090.0
209,Albacete,Pernoctaciones,Residentes en el Extranjero,2021M05,3392.0
210,Ciudad Real,Viajero,Total ,2021M05,21674.0
211,Ciudad Real,Viajero,Residentes en España,2021M05,20414.0
212,Ciudad Real,Viajero,Residentes en el Extranjero,2021M05,1260.0
213,Ciudad Real,Pernoctaciones,Total ,2021M05,37356.0
214,Ciudad Real,Pernoctaciones,Residentes en España,2021M05,34540.0
215,Ciudad Real,Pernoctaciones,Residentes en el Extranjero,2021M05,2815.0
216,Cuenca,Viajero,Total ,2021M05,14085.0
217,Cuenca,Viajero,Residentes en España,2021M05,13195.0
218,Cuenca,Viajero,Residentes en el Extranjero,2021M05,890.0
219,Cuenca,Pernoctaciones,Total ,2021M05,25902.0
220,Cuenca,Pernoctaciones,Residentes en España,2021M05,24236.0
221,Cuenca,Pernoctaciones,Residentes en el Extranjero,2021M05,1666.0
222,Guadalajara,Viajero,Total ,2021M05,16350.0
223,Guadalajara,Viajero,Residentes en España,2021M05,15230.0
224,Guadalajara,Viajero,Residentes en el Extranjero,2021M05,1120.0
225,Guadalajara,Pernoctaciones,Total ,2021M05,28436.0
226,Guadalajara,Pernoctaciones,Residentes en España,2021M05,25890.0
227,Guadalajara,Pernoctaciones,Residentes en el Extranjero,2021M05,2546.0
228,Toledo,Viajero,Total ,2021M05,34039.0
229,Toledo,Viajero,Residentes en España,2021M05,30700.0
230,Toledo,Viajero,Residentes en el Extranjero,2021M05,3339.0
231,Toledo,Pernoctaciones,Total ,2021M05,53718.0
232,Toledo,Pernoctaciones,Residentes en España,2021M05,46735.0
233,Toledo,Pernoctaciones,Residentes en el Extranjero,2021M05,6983.0
234,Cataluña,Viajero,Total ,2021M05,558953.0
235,Cataluña,Viajero,Residentes en España,2021M05,386258.0
236,Cataluña,Viajero,Residentes en el Extranjero,2021M05,172694.0
237,Cataluña,Pernoctaciones,Total ,2021M05,1063535.0
238,Cataluña,Pernoctaciones,Residentes en España,2021M05,661347.0
239,Cataluña,Pernoctaciones,Residentes en el Extranjero,2021M05,402188.0
240,Barcelona,Viajero,Total ,2021M05,278556.0
241,Barcelona,Viajero,Residentes en España,2021M05,165422.0
242,Barcelona,Viajero,Residentes en el Extranjero,2021M05,113134.0
243,Barcelona,Pernoctaciones,Total ,2021M05,594533.0
244,Barcelona,Pernoctaciones,Residentes en España,2021M05,311089.0
245,Barcelona,Pernoctaciones,Residentes en el Extranjero,2021M05,283444.0
246,Girona,Viajero,Total ,2021M05,164145.0
247,Girona,Viajero,Residentes en España,2021M05,117965.0
248,Girona,Viajero,Residentes en el Extranjero,2021M05,46180.0
249,Girona,Pernoctaciones,Total ,2021M05,282698.0
250,Girona,Pernoctaciones,Residentes en España,2021M05,188348.0
251,Girona,Pernoctaciones,Residentes en el Extranjero,2021M05,94350.0
252,Lleida,Viajero,Total ,2021M05,34588.0
253,Lleida,Viajero,Residentes en España,2021M05,31761.0
254,Lleida,Viajero,Residentes en el Extranjero,2021M05,2827.0
255,Lleida,Pernoctaciones,Total ,2021M05,61968.0
256,Lleida,Pernoctaciones,Residentes en España,2021M05,56372.0
257,Lleida,Pernoctaciones,Residentes en el Extranjero,2021M05,5596.0
258,Tarragona,Viajero,Total ,2021M05,81664.0
259,Tarragona,Viajero,Residentes en España,2021M05,71111.0
260,Tarragona,Viajero,Residentes en el Extranjero,2021M05,10553.0
261,Tarragona,Pernoctaciones,Total ,2021M05,124336.0
262,Tarragona,Pernoctaciones,Residentes en España,2021M05,105538.0
263,Tarragona,Pernoctaciones,Residentes en el Extranjero,2021M05,18798.0
264,Comunitat Valenciana,Viajero,Total ,2021M05,349911.0
265,Comunitat Valenciana,Viajero,Residentes en España,2021M05,290382.0
266,Comunitat Valenciana,Viajero,Residentes en el Extranjero,2021M05,59529.0
267,Comunitat Valenciana,Pernoctaciones,Total ,2021M05,674182.0
268,Comunitat Valenciana,Pernoctaciones,Residentes en España,2021M05,529011.0
269,Comunitat Valenciana,Pernoctaciones,Residentes en el Extranjero,2021M05,145171.0
270,Alicante/Alacant,Viajero,Total ,2021M05,156639.0
271,Alicante/Alacant,Viajero,Residentes en España,2021M05,129371.0
272,Alicante/Alacant,Viajero,Residentes en el Extranjero,2021M05,27268.0
273,Alicante/Alacant,Pernoctaciones,Total ,2021M05,319018.0
274,Alicante/Alacant,Pernoctaciones,Residentes en España,2021M05,245819.0
275,Alicante/Alacant,Pernoctaciones,Residentes en el Extranjero,2021M05,73199.0
276,Castellón/Castelló,Viajero,Total ,2021M05,47032.0
277,Castellón/Castelló,Viajero,Residentes en España,2021M05,41299.0
278,Castellón/Castelló,Viajero,Residentes en el Extranjero,2021M05,5733.0
279,Castellón/Castelló,Pernoctaciones,Total ,2021M05,89025.0
280,Castellón/Castelló,Pernoctaciones,Residentes en España,2021M05,75631.0
281,Castellón/Castelló,Pernoctaciones,Residentes en el Extranjero,2021M05,13394.0
282,Valencia/València,Viajero,Total ,2021M05,146241.0
283,Valencia/València,Viajero,Residentes en España,2021M05,119712.0
284,Valencia/València,Viajero,Residentes en el Extranjero,2021M05,26529.0
285,Valencia/València,Pernoctaciones,Total ,2021M05,266139.0
286,Valencia/València,Pernoctaciones,Residentes en España,2021M05,207561.0
287,Valencia/València,Pernoctaciones,Residentes en el Extranjero,2021M05,58578.0
288,Extremadura,Viajero,Total ,2021M05,69632.0
289,Extremadura,Viajero,Residentes en España,2021M05,64290.0
290,Extremadura,Viajero,Residentes en el Extranjero,2021M05,5342.0
291,Extremadura,Pernoctaciones,Total ,2021M05,111840.0
292,Extremadura,Pernoctaciones,Residentes en España,2021M05,103431.0
293,Extremadura,Pernoctaciones,Residentes en el Extranjero,2021M05,8408.0
294,Badajoz,Viajero,Total ,2021M05,38640.0
295,Badajoz,Viajero,Residentes en España,2021M05,35194.0
296,Badajoz,Viajero,Residentes en el Extranjero,2021M05,3446.0
297,Badajoz,Pernoctaciones,Total ,2021M05,59478.0
298,Badajoz,Pernoctaciones,Residentes en España,2021M05,53974.0
299,Badajoz,Pernoctaciones,Residentes en el Extranjero,2021M05,5504.0
300,Cáceres,Viajero,Total ,2021M05,30992.0
301,Cáceres,Viajero,Residentes en España,2021M05,29096.0
302,Cáceres,Viajero,Residentes en el Extranjero,2021M05,1896.0
303,Cáceres,Pernoctaciones,Total ,2021M05,52362.0
304,Cáceres,Pernoctaciones,Residentes en España,2021M05,49457.0
305,Cáceres,Pernoctaciones,Residentes en el Extranjero,2021M05,2905.0
306,Galicia,Viajero,Total ,2021M05,152302.0
307,Galicia,Viajero,Residentes en España,2021M05,136418.0
308,Galicia,Viajero,Residentes en el Extranjero,2021M05,15884.0
309,Galicia,Pernoctaciones,Total ,2021M05,283188.0
310,Galicia,Pernoctaciones,Residentes en España,2021M05,248410.0
311,Galicia,Pernoctaciones,Residentes en el Extranjero,2021M05,34778.0
312,"Coruña, A",Viajero,Total ,2021M05,59599.0
313,"Coruña, A",Viajero,Residentes en España,2021M05,51969.0
314,"Coruña, A",Viajero,Residentes en el Extranjero,2021M05,7629.0
315,"Coruña, A",Pernoctaciones,Total ,2021M05,118867.0
316,"Coruña, A",Pernoctaciones,Residentes en España,2021M05,100246.0
317,"Coruña, A",Pernoctaciones,Residentes en el Extranjero,2021M05,18621.0
318,Lugo,Viajero,Total ,2021M05,24363.0
319,Lugo,Viajero,Residentes en España,2021M05,22520.0
320,Lugo,Viajero,Residentes en el Extranjero,2021M05,1843.0
321,Lugo,Pernoctaciones,Total ,2021M05,39874.0
322,Lugo,Pernoctaciones,Residentes en España,2021M05,37227.0
323,Lugo,Pernoctaciones,Residentes en el Extranjero,2021M05,2647.0
324,Ourense,Viajero,Total ,2021M05,18410.0
325,Ourense,Viajero,Residentes en España,2021M05,17246.0
326,Ourense,Viajero,Residentes en el Extranjero,2021M05,1163.0
327,Ourense,Pernoctaciones,Total ,2021M05,32754.0
328,Ourense,Pernoctaciones,Residentes en España,2021M05,30949.0
329,Ourense,Pernoctaciones,Residentes en el Extranjero,2021M05,1805.0
330,Pontevedra,Viajero,Total ,2021M05,49931.0
331,Pontevedra,Viajero,Residentes en España,2021M05,44682.0
332,Pontevedra,Viajero,Residentes en el Extranjero,2021M05,5249.0
333,Pontevedra,Pernoctaciones,Total ,2021M05,91692.0
334,Pontevedra,Pernoctaciones,Residentes en España,2021M05,79988.0
335,Pontevedra,Pernoctaciones,Residentes en el Extranjero,2021M05,11704.0
336,"Madrid, Comunidad de",Viajero,Total ,2021M05,405198.0
337,"Madrid, Comunidad de",Viajero,Residentes en España,2021M05,314417.0
338,"Madrid, Comunidad de",Viajero,Residentes en el Extranjero,2021M05,90781.0
339,"Madrid, Comunidad de",Pernoctaciones,Total ,2021M05,791692.0
340,"Madrid, Comunidad de",Pernoctaciones,Residentes en España,2021M05,556678.0
341,"Madrid, Comunidad de",Pernoctaciones,Residentes en el Extranjero,2021M05,235014.0
342,Madrid,Viajero,Total ,2021M05,405198.0
343,Madrid,Viajero,Residentes en España,2021M05,314417.0
344,Madrid,Viajero,Residentes en el Extranjero,2021M05,90781.0
345,Madrid,Pernoctaciones,Total ,2021M05,791692.0
346,Madrid,Pernoctaciones,Residentes en España,2021M05,556678.0
347,Madrid,Pernoctaciones,Residentes en el Extranjero,2021M05,235014.0
348,"Murcia, Región de",Viajero,Total ,2021M05,60681.0
349,"Murcia, Región de",Viajero,Residentes en España,2021M05,53187.0
350,"Murcia, Región de",Viajero,Residentes en el Extranjero,2021M05,7494.0
351,"Murcia, Región de",Pernoctaciones,Total ,2021M05,101509.0
352,"Murcia, Región de",Pernoctaciones,Residentes en España,2021M05,86299.0
353,"Murcia, Región de",Pernoctaciones,Residentes en el Extranjero,2021M05,15210.0
354,Murcia,Viajero,Total ,2021M05,60681.0
355,Murcia,Viajero,Residentes en España,2021M05,53187.0
356,Murcia,Viajero,Residentes en el Extranjero,2021M05,7494.0
357,Murcia,Pernoctaciones,Total ,2021M05,101509.0
358,Murcia,Pernoctaciones,Residentes en España,2021M05,86299.0
359,Murcia,Pernoctaciones,Residentes en el Extranjero,2021M05,15210.0
360,"Navarra, Comunidad Foral de",Viajero,Total ,2021M05,45151.0
361,"Navarra, Comunidad Foral de",Viajero,Residentes en España,2021M05,39067.0
362,"Navarra, Comunidad Foral de",Viajero,Residentes en el Extranjero,2021M05,6084.0
363,"Navarra, Comunidad Foral de",Pernoctaciones,Total ,2021M05,82550.0
364,"Navarra, Comunidad Foral de",Pernoctaciones,Residentes en España,2021M05,66981.0
365,"Navarra, Comunidad Foral de",Pernoctaciones,Residentes en el Extranjero,2021M05,15568.0
366,Navarra,Viajero,Total ,2021M05,45151.0
367,Navarra,Viajero,Residentes en España,2021M05,39067.0
368,Navarra,Viajero,Residentes en el Extranjero,2021M05,6084.0
369,Navarra,Pernoctaciones,Total ,2021M05,82550.0
370,Navarra,Pernoctaciones,Residentes en España,2021M05,66981.0
371,Navarra,Pernoctaciones,Residentes en el Extranjero,2021M05,15568.0
372,País Vasco,Viajero,Total ,2021M05,113361.0
373,País Vasco,Viajero,Residentes en España,2021M05,87696.0
374,País Vasco,Viajero,Residentes en el Extranjero,2021M05,25665.0
375,País Vasco,Pernoctaciones,Total ,2021M05,195982.0
376,País Vasco,Pernoctaciones,Residentes en España,2021M05,153826.0
377,País Vasco,Pernoctaciones,Residentes en el Extranjero,2021M05,42156.0
378,Araba/Álava,Viajero,Total ,2021M05,18057.0
379,Araba/Álava,Viajero,Residentes en España,2021M05,15395.0
380,Araba/Álava,Viajero,Residentes en el Extranjero,2021M05,2661.0
381,Araba/Álava,Pernoctaciones,Total ,2021M05,32402.0
382,Araba/Álava,Pernoctaciones,Residentes en España,2021M05,27726.0
383,Araba/Álava,Pernoctaciones,Residentes en el Extranjero,2021M05,4677.0
384,Bizkaia,Viajero,Total ,2021M05,50116.0
385,Bizkaia,Viajero,Residentes en España,2021M05,41577.0
386,Bizkaia,Viajero,Residentes en el Extranjero,2021M05,8539.0
387,Bizkaia,Pernoctaciones,Total ,2021M05,88482.0
388,Bizkaia,Pernoctaciones,Residentes en España,2021M05,73779.0
389,Bizkaia,Pernoctaciones,Residentes en el Extranjero,2021M05,14703.0
390,Gipuzkoa,Viajero,Total ,2021M05,45189.0
391,Gipuzkoa,Viajero,Residentes en España,2021M05,30724.0
392,Gipuzkoa,Viajero,Residentes en el Extranjero,2021M05,14464.0
393,Gipuzkoa,Pernoctaciones,Total ,2021M05,75097.0
394,Gipuzkoa,Pernoctaciones,Residentes en España,2021M05,52322.0
395,Gipuzkoa,Pernoctaciones,Residentes en el Extranjero,2021M05,22776.0
396,"Rioja, La",Viajero,Total ,2021M05,19739.0
397,"Rioja, La",Viajero,Residentes en España,2021M05,17824.0
398,"Rioja, La",Viajero,Residentes en el Extranjero,2021M05,1915.0
399,"Rioja, La",Pernoctaciones,Total ,2021M05,32612.0
400,"Rioja, La",Pernoctaciones,Residentes en España,2021M05,29198.0
401,"Rioja, La",Pernoctaciones,Residentes en el Extranjero,2021M05,3413.0
402,"Rioja, La",Viajero,Total ,2021M05,19739.0
403,"Rioja, La",Viajero,Residentes en España,2021M05,17824.0
404,"Rioja, La",Viajero,Residentes en el Extranjero,2021M05,1915.0
405,"Rioja, La",Pernoctaciones,Total ,2021M05,32612.0
406,"Rioja, La",Pernoctaciones,Residentes en España,2021M05,29198.0
407,"Rioja, La",Pernoctaciones,Residentes en el Extranjero,2021M05,3413.0
408,Ceuta,Viajero,Total ,2021M05,3195.0
409,Ceuta,Viajero,Residentes en España,2021M05,3035.0
410,Ceuta,Viajero,Residentes en el Extranjero,2021M05,160.0
411,Ceuta,Pernoctaciones,Total ,2021M05,7506.0
412,Ceuta,Pernoctaciones,Residentes en España,2021M05,7028.0
413,Ceuta,Pernoctaciones,Residentes en el Extranjero,2021M05,478.0
414,Melilla,Viajero,Total ,2021M05,2483.0
415,Melilla,Viajero,Residentes en España,2021M05,2151.0
416,Melilla,Viajero,Residentes en el Extranjero,2021M05,332.0
417,Melilla,Pernoctaciones,Total ,2021M05,6407.0
418,Melilla,Pernoctaciones,Residentes en España,2021M05,5739.0
419,Melilla,Pernoctaciones,Residentes en el Extranjero,2021M05,667.0
